fit,lwr,upr,acre,wtp,wtp_lwer,wtp_upr,id,nation,study
4.599392652748027,-0.15763336120628146,9.356418666702336,15550.999999999989,99.42391246092402,0.8541628938185275,11572.867939563808,6,Canada,Bortolotti (2016)
7.904369158107486,3.0525849653224633,12.75615335089251,15000.99999999999,2709.0929636997207,21.169997463319497,346678.5812650039,29,Germany,Meyerhoff
0.9190067642744557,-4.786734421838397,6.624747950387309,6000001,2.506799310394637,0.008339646731529668,753.5142656387319,7,Australia,Colloff et al. (2016) a
-0.676250377117344,-5.886849913039821,4.534349158805133,13800000.999999985,0.5085201809227379,0.00277570665697461,93.16286134052366,21,Brazil,L. Emerton (ed) 2005
1.9234286153640592,-3.1674017343049097,7.014258965033028,27000000.999999993,6.844385049713882,0.04211287631664649,1112.3820267348879,44,South East Asia,Verhoeven and Setter (2010)
0.7511895126780868,-4.12229053298733,5.624669558343504,137126.00000000006,2.1195197132804093,0.016207348426998468,277.1806773463828,41,Kenya,Simonit et all. (2011
