fit,lwr,upr,acre,wtp,wtp_lwer,wtp_upr,id,nation,study
7.660438867827592,3.5997393169728262,11.721138418682358,15550.999999999989,2122.688804012236,36.58869514855418,123147.53888830452,6,Canada,Bortolotti (2016)
4.762525685318532,0.2757026600259911,9.249348710611073,15000.99999999999,117.04116204989259,1.3174560734280556,10397.791539527403,29,Germany,Meyerhoff
7.075625487941833,2.394364458175213,11.756886517708454,6000001,1182.7830860377762,10.961229525103281,127629.46213407243,7,Australia,Colloff et al. (2016) a
-0.05277773651402845,-5.101300880708546,4.99574540768049,13800000.999999985,0.9485908261571215,0.006088820582020929,147.78306296730975,21,Brazil,L. Emerton (ed) 2005
2.1674777773977896,-6.763311861855214,11.098267416650792,27000000.999999993,8.736221533749678,0.0011553963174709622,66056.61237852235,44,South East Asia,Verhoeven and Setter (2010)
4.380882129367213,-0.40232018397726765,9.164084442711694,137126.00000000006,79.90849195117903,0.6687665830620269,9547.975702786303,41,Kenya,Simonit et all. (2011
